﻿<?xml version="1.0" encoding="utf-8"?>
<contentitemdata.dancinggoat.image>
  <ContentItemDataCommonDataID>
    <GUID>78e4c339-7999-4862-b2b1-d2487d13523d</GUID>
    <ObjectType>cms.contentitemcommondata</ObjectType>
    <Parent>
      <CodeName>Articles_Article-3_2x.jpg-agmxzq5n</CodeName>
      <GUID>dbc6030d-fc1c-4fb9-84f3-3a35b3fe3f02</GUID>
      <ObjectType>cms.contentitem</ObjectType>
    </Parent>
  </ContentItemDataCommonDataID>
  <ContentItemDataGUID>dab00286-0789-4360-b7a5-e74e9b416e3e</ContentItemDataGUID>
  <ImageFile>
    <![CDATA[{"Identifier":"391e9572-6b63-4163-b20e-e2ea9dc3f6db","Name":"article-3@2x.jpg","Extension":".jpg","Size":45947,"Width":636,"Height":442,"LastModified":"2023-06-14T15:38:27.8319031Z"}]]>
  </ImageFile>
  <ImageShortDescription>A farmer picking fresh coffee off a plant.</ImageShortDescription>
</contentitemdata.dancinggoat.image>