﻿<?xml version="1.0" encoding="utf-8"?>
<contentitemdata.dancinggoat.image>
  <ContentItemDataCommonDataID>
    <GUID>a9cbd7c4-a369-4958-89b3-4ff153a443a5</GUID>
    <ObjectType>cms.contentitemcommondata</ObjectType>
    <Parent>
      <CodeName>Articles_Article-1_2x.jpg-n2s18kkg</CodeName>
      <GUID>b8117d96-dfb3-474d-ad27-c3b0d3bd26db</GUID>
      <ObjectType>cms.contentitem</ObjectType>
    </Parent>
  </ContentItemDataCommonDataID>
  <ContentItemDataGUID>17ab68a0-af28-4756-84a7-3bbbfc99af12</ContentItemDataGUID>
  <ImageFile>
    <![CDATA[{"Identifier":"f65d05d0-838f-4e69-ac68-ffc3554a5afd","Name":"article-1@2x.jpg","Extension":".jpg","Size":59004,"Width":1000,"Height":773,"LastModified":"2023-06-14T15:38:40.2376923Z"}]]>
  </ImageFile>
  <ImageShortDescription>Two coffee cups on a table.</ImageShortDescription>
</contentitemdata.dancinggoat.image>